ID,Clinic,Rate_or_Mean,Observations
1,1,0.4,30
2,1,0.32,25
3,1,0.25,20
4,1,0.2,15
5,2,0.428571429,14
6,2,0.384615385,13
7,2,0.5,12
8,2,0.416666667,12
10,3,0.363636364,11
11,3,0.454545455,11
12,3,0.181818182,11
13,3,0.454545455,11
14,4,0.333333333,9
15,4,0.25,8
16,4,0.375,8
17,5,0.428571429,7
18,5,0.166666667,6
19,5,0.25,4
20,6,0.571428571,7
21,6,0.666666667,3
